name,source_node,target_node,timestamp
Laurence,6845847439,6845847443,2024-04-22 12:39:28
Laurence,6845847439,4723494891,2024-04-22 12:39:57
Laurence,4723494891,8119680291,2024-04-22 12:40:05
Laurence,6845847425,6845847425,2024-04-22 12:52:20
Ja,6845847431,4723494891,2024-04-22 12:52:37
Laurence,3433688362,6845847425,2024-04-22 13:00:38
Laurence,3433688362,8239164415,2024-04-22 13:07:16
Laurence,4723494891,3433688362,2024-04-22 13:10:04
Andrea,4723494891,4723494891,2024-04-22 13:16:18
